agent,mean,count,std
Claude_Code,0.23707746317092743,450,0.25372449059340985
Copilot,0.2971875254251063,50,0.31656488406699407
