year_month,agent,mean,count
2025-03,Claude_Code,0.27755011583212763,16
2025-05,Claude_Code,0.16920697746980118,82
2025-05,Copilot,0.37573826042088593,11
2025-06,Claude_Code,0.2645130019148134,88
2025-06,Copilot,0.3429242349587954,13
2025-07,Claude_Code,0.24650432290688443,260
2025-07,Copilot,0.24108616739081648,26
