agent,mean,count,std
Claude_Code,0.1826709194411774,651,0.23160860288233123
Copilot,0.2522803864902507,9845,0.2782749837603428
Cursor,0.23083456370790612,1464,0.25978658807152644
Devin,0.23078625618195794,5057,0.2634657011948444
OpenAI_Codex,0.11980524168671183,3618,0.19174832396315372
