agent,mean,count,std
Claude_Code,0.23707735668764346,450,0.2537244465916139
Copilot,0.1907389938184551,14655,0.2470120617817414
Cursor,0.25211117350879836,663,0.2824658456789727
Devin,0.2480204368699347,3802,0.27295951363900167
Human,0.16969530645292252,28,0.22521293238451331
OpenAI_Codex,0.2088698014159804,2082,0.23220012332939374
